<?xml version="1.0" encoding="UTF-8"?>
<uspat:OutgoingDocument
    xmlns:xsi="http://www.w3.org/2001/XMLSchema-instance"
    xmlns:uspat="urn:us:gov:doc:uspto:patent"
    xmlns="urn:us:gov:doc:uspto:patent"
    xmlns:com="http://www.wipo.int/standards/XMLSchema/ST96/Common" xmlns:uscom="urn:us:gov:doc:uspto:common"
    xmlns:mml="http://www.w3.org/1998/Math/MathML"
    uscom:formParagraphMinMatchPercent="78.5"
    xsi:schemaLocation="urn:us:gov:doc:uspto:patent ..\PE2E\V7_1\Schema\USPatent\Document\OutgoingDocument_V7_1.xsd"
    com:documentFileName="Final Rejection.docx" com:id="ID_1" uscom:vendorName="OA2XML" uscom:createDateTime="2022-04-06T09:59:21"
    com:st96Version="V2_1" com:ipoVersion="US_V7_1">

    <uspat:DocumentMetadata com:id="id-002">
        <uscom:DocumentCode>CTFR</uscom:DocumentCode>
        <uscom:ApplicationNumberText uscom:electronicText="16582700">16/582,700</uscom:ApplicationNumberText>
        <uscom:DocumentSourceIdentifier>CTFR</uscom:DocumentSourceIdentifier>
        <com:PartyIdentifier>79205</com:PartyIdentifier>
        <uscom:GroupArtUnitNumber></uscom:GroupArtUnitNumber>
        <uscom:DefaultFont uscom:fontMeasureUnitCode="Pt" uscom:fontFamilyName="Arial" uscom:fontSizeNumber="12.00"/>
    </uspat:DocumentMetadata>

<uscom:P com:pNumber="1" com:id="p-001" uscom:alignmentCategory="center"><?PageStart number='1'?><uscom:BoundaryDataReference com:idref="bd-001" /><com:B><com:I>Notice of Pre-AIA or AIA Status</com:I></com:B></uscom:P>
<uscom:FormParagraph com:id="fp-001" uscom:versionIdentifier="4.2" uscom:revisionNumber="4" uscom:revisionDate="2013-10-12" uscom:editionNumber="2" uscom:beginEffectiveDate="2013-10-12" uscom:endEffectiveDate="2017-10-10"><uscom:FormParagraphNumber com:id="fpn-001" uscom:versionIdentifier="4.2" uscom:revisionNumber="4" uscom:editionNumber="2" uscom:matchPercent="100">15-10-aia</uscom:FormParagraphNumber><uscom:FormParagraphCategory><uscom:ExaminationProgramCode>AIA</uscom:ExaminationProgramCode></uscom:FormParagraphCategory><uscom:RelatedFormParagraph><uscom:FormParagraphNumber com:id="fpn-002" uscom:versionIdentifier="4.2" uscom:revisionNumber="4" uscom:editionNumber="2" uscom:matchPercent="100">07-03-aia</uscom:FormParagraphNumber></uscom:RelatedFormParagraph><uscom:P com:pNumber="4" com:id="p-004" uscom:indentationMeasureUnitCode="Pt" uscom:firstLineIndentationNumber="36.00">The present application, filed on or after March 16, 2013, is being examined under the first inventor to file provisions of the AIA.</uscom:P>
</uscom:FormParagraph><uscom:FormParagraph com:id="fp-002" uscom:versionIdentifier="4.2" uscom:revisionNumber="4" uscom:revisionDate="2013-09-25" uscom:editionNumber="2" uscom:beginEffectiveDate="2013-09-25" uscom:endEffectiveDate="2017-10-10"><uscom:FormParagraphNumber com:id="fpn-003" uscom:versionIdentifier="4.2" uscom:revisionNumber="4" uscom:editionNumber="2" uscom:matchPercent="100">07-103</uscom:FormParagraphNumber><uscom:FormParagraphCategory><uscom:ExaminationProgramCode>AIA</uscom:ExaminationProgramCode></uscom:FormParagraphCategory><uscom:P com:pNumber="5" com:id="p-005">	The text of those sections of Title 35, U.S. Code not included in this action can be found in a prior Office action.</uscom:P>
</uscom:FormParagraph><uscom:P com:pNumber="6" com:id="p-006" uscom:alignmentCategory="center"><com:B>DETAILED ACTION</com:B></uscom:P>
<uscom:P com:pNumber="7" com:id="p-007" uscom:alignmentCategory="center"><com:B><com:I>Claim Rejections - 35 USC § 101</com:I></com:B></uscom:P>
<uscom:P com:pNumber="8" com:id="p-008">1.	Claims 1-21 are rejected under 35 U.S.C. 101 because:</uscom:P>
<uscom:P com:pNumber="9" com:id="p-009" uscom:indentationMeasureUnitCode="Pt" uscom:firstLineIndentationNumber="36.00">claim 1 recites:</uscom:P>
<uscom:P com:pNumber="10" com:id="p-010" uscom:indentationMeasureUnitCode="Pt" uscom:firstLineIndentationNumber="36.00">receiving the request from the user, wherein the request comprises natural language (insignificant extra-solution data gathering where a human would be able to receive a natural language input of a request on paper);</uscom:P>
<uscom:P com:pNumber="11" com:id="p-011" uscom:indentationMeasureUnitCode="Pt" uscom:firstLineIndentationNumber="36.00">computing category scores by processing text of the request with a neural network (compute category score using pen and paper, a neural network is recited in a high level of generality is well known, routine, and conventional) wherein:</uscom:P>
<uscom:P com:pNumber="12" com:id="p-012" uscom:indentationLevelNumber="L1" uscom:indentationMeasureUnitCode="Pt" uscom:firstLineIndentationNumber="36.00">each category score corresponds to a category of a plurality of categories and indicates a match between the request and the corresponding category (finding score that match between the request and the corresponding category), and</uscom:P>
<uscom:P com:pNumber="13" com:id="p-013" uscom:indentationLevelNumber="L1" uscom:indentationMeasureUnitCode="Pt" uscom:firstLineIndentationNumber="36.00">each category of the plurality of categories corresponds to one or more tags of a plurality of tags (finding category corresponds to a tag);</uscom:P>
<uscom:P com:pNumber="14" com:id="p-014"></uscom:P>
<uscom:P com:pNumber="15" com:id="p-015" uscom:indentationMeasureUnitCode="Pt" uscom:firstLineIndentationNumber="36.00"><?PageStart number='2'?><uscom:BoundaryDataReference com:idref="bd-002" />determining, using the category scores, to obtain clarification of the request from the user (visually inspecting/reading request from the user to clarify the request);</uscom:P>
<uscom:P com:pNumber="18" com:id="p-018" uscom:indentationMeasureUnitCode="Pt" uscom:firstLineIndentationNumber="36.00">computing tag clarification scores using the category scores wherein each tag clarification score corresponds to a tag of the plurality of tags and indicates a value of the corresponding tag in clarifying the request (computing scores that indicates value of the tag in the clarification request);</uscom:P>
<uscom:P com:pNumber="19" com:id="p-019" uscom:indentationMeasureUnitCode="Pt" uscom:firstLineIndentationNumber="36.00">determining a clarifying question using the tag clarification scores (reading and determining a clarifying question);</uscom:P>
<uscom:P com:pNumber="20" com:id="p-020" uscom:indentationMeasureUnitCode="Pt" uscom:firstLineIndentationNumber="36.00">presenting the clarifying question to the user (provide the clarifying question in a written output to the user);</uscom:P>
<uscom:P com:pNumber="21" com:id="p-021" uscom:indentationMeasureUnitCode="Pt" uscom:firstLineIndentationNumber="36.00">receiving clarification information from the user in response to the clarifying question (data gathering where a human would be able to receive clarification information from the user on paper);</uscom:P>
<uscom:P com:pNumber="22" com:id="p-022" uscom:indentationMeasureUnitCode="Pt" uscom:firstLineIndentationNumber="36.00">computing second category scores using the clarification information (computing second category score using pen and paper); and</uscom:P>
<uscom:P com:pNumber="23" com:id="p-023" uscom:indentationMeasureUnitCode="Pt" uscom:firstLineIndentationNumber="36.00">selecting a category for the request using the second category scores (the user mentally selects a category for the request by circling via pen and paper).</uscom:P>
<uscom:P com:pNumber="24" com:id="p-024" uscom:indentationMeasureUnitCode="Pt" uscom:firstLineIndentationNumber="36.00">In step 2A prong 2, there is no practical application or improvement of a technical field.  The claim does not recite a practical application for the abstract idea as the only other step in the claim other than the abstract idea is a data gathering step and compute category score using pen and paper. The additional element a neural network are recited at a high level generality such that they amount to no more than mere instructions to implement the abstract idea on a conventional computer . A neural <?PageStart number='3'?><uscom:BoundaryDataReference com:idref="bd-003" />network is recited in a high level of generality where in step 2B (Berkheimer analysis) using general/generic neural network for processing text is well-known, routine, and conventional. For example, BAN et al. 2020/0058298 discussed predicting an automatic completion word to be input in a conventional neural network language ([0016]).</uscom:P>
<uscom:P com:pNumber="27" com:id="p-027" uscom:indentationMeasureUnitCode="Pt" uscom:firstLineIndentationNumber="36.00">Regarding claims 9 and 18, Step 2A, Prong 2, the abstract idea, as claimed, in not integrated into a practical application. The additional elements of server computer comprising at least on processor and at least one memory, computer readable media, a vector, and the neural network are recited at a high level generality such that they amount to no more than mere instructions to implement the abstract idea on a conventional computer. A neural network is recited in a high level of generality where in step 2B (Berkheimer analysis) using general/generic neural network for processing text is well-known, routine, and conventional. For example, BAN et al. 2020/0058298 discussed predicting an automatic completion word to be input in a conventional neural network language ([0016]); and Santarone et al. 2019/01128771 discussed a vector, as is well-known to those schooled in the art, comprises a length and a direction ([0391]) . The claims do not point to a specific improvement in computers in their communication role or provides a specific improvement in the way computers operate.</uscom:P>
<uscom:P com:pNumber="28" com:id="p-028" uscom:indentationMeasureUnitCode="Pt" uscom:firstLineIndentationNumber="36.00">Step 2B: As explained in Step 2A Prong 2 above, claim 1 recites the additional elements of server computer comprising at least on processor and at least one memory, computer readable media, a vector, and the neural network. These limitations are merely including instructions to implement the abstract idea on a computer or using a computer as a tool to perform the abstract idea. Generic computer components that amount to mere instructions to implement the abstract idea on a computer cannot <?PageStart number='4'?><uscom:BoundaryDataReference com:idref="bd-004" />provide an inventive concept. Moreover, the additional elements do not reflect an improvement to a technology or technical field, or include the use of a particular machine or particular transformation. The additional elements, taken individually and in combination, do not result in the claim, as a whole, amounting to significantly more than the abstract idea. See MPEP 2106.05.</uscom:P>
<uscom:P com:pNumber="31" com:id="p-031" uscom:indentationMeasureUnitCode="Pt" uscom:firstLineIndentationNumber="36.00">Dependent claims 2-8, 11-17, and 20-21 inherit the same defects.</uscom:P>
<uscom:P com:pNumber="32" com:id="p-032" uscom:alignmentCategory="center"><com:B><com:I>Allowable Subject Matter</com:I></com:B></uscom:P>
<uscom:P com:pNumber="33" com:id="p-033">2.	Claims 1-21 would be allowable if rewritten or amended to overcome the rejection(s) under 35 U.S.C. 101, set forth in this Office action.</uscom:P>
<uscom:FormParagraph com:id="fp-003" uscom:versionIdentifier="4.2" uscom:revisionNumber="4" uscom:revisionDate="2013-09-25" uscom:editionNumber="2" uscom:beginEffectiveDate="2013-09-25" uscom:endEffectiveDate="2017-10-10"><uscom:FormParagraphNumber com:id="fpn-004" uscom:versionIdentifier="4.2" uscom:revisionNumber="4" uscom:editionNumber="2" uscom:matchPercent="100">07-96</uscom:FormParagraphNumber><uscom:FormParagraphCategory><uscom:ExaminationProgramCode>AIA</uscom:ExaminationProgramCode></uscom:FormParagraphCategory><uscom:P com:pNumber="34" com:id="p-034">3.	The prior art made of record and not relied upon is considered pertinent to applicant's disclosure. <uscom:DataField com:id="df001" uscom:dataFieldNumber="2"><uscom:GeneralText>Shamsi et al. (2018/0307724) teaches reducing query ambiguity using graph matching. Selfridge et al. (2016/0155445) taches a system, method and computer readable storage devices for using targeted clarification questions in dialog systems</uscom:GeneralText></uscom:DataField>.</uscom:P>
</uscom:FormParagraph><uscom:P com:pNumber="35" com:id="p-035" uscom:alignmentCategory="center"><com:B><com:I>Response to Arguments</com:I></com:B></uscom:P>
<uscom:FormParagraph com:id="fp-004" uscom:versionIdentifier="4.2" uscom:revisionNumber="4" uscom:revisionDate="2013-09-25" uscom:editionNumber="2" uscom:beginEffectiveDate="2013-09-25" uscom:endEffectiveDate="2017-10-10"><uscom:FormParagraphNumber com:id="fpn-005" uscom:versionIdentifier="4.2" uscom:revisionNumber="4" uscom:editionNumber="2" uscom:matchPercent="100">07-37</uscom:FormParagraphNumber><uscom:FormParagraphCategory><uscom:ExaminationProgramCode>AIA</uscom:ExaminationProgramCode></uscom:FormParagraphCategory><uscom:P com:pNumber="36" com:id="p-036">4.	Applicant's arguments filed <uscom:DataField com:id="df002" uscom:dataFieldNumber="1"><uscom:GeneralText>03/23/2020 regarding the 35 U.S.C. 101</uscom:GeneralText></uscom:DataField> have been fully considered but they are not persuasive. <uscom:DataField com:id="df003" uscom:dataFieldNumber="2"><uscom:GeneralText>Applicant incorporated the allowable subject matter of dependent claims 10 and 19 into independent claims 9 and 18, hence the 35 U.S.C. 103 rejections withdrawn</uscom:GeneralText></uscom:DataField>.</uscom:P>
<uscom:P com:pNumber="37" com:id="p-037">	<uscom:DataField com:id="df004" uscom:dataFieldNumber="3"><uscom:GeneralText>Regarding the 35 U.S.C 101 rejections, Applicant refers to <com:I>McRO (McRO,</com:I> <com:I>Inc. v. Bandai Namco Games Am. Inc., </com:I>2016 U.S. App. LEXIS 16703).  In McRO the Federal Circuit indicated that it was the “rules… <com:U>rendered in a <com:B>specific</com:B> way</com:U>: as a relationship between sub-sequences of phonemes, timing, and the weight to which each phoneme <?PageStart number='5'?><uscom:BoundaryDataReference com:idref="bd-005" />is expressed visually at a particular timing (as represented by the morph weight set)” which lead to a “technological improvement over the existing, manual 3-D animation techniques.”  The Federal Circuit even mentioned that the improvement was mentioned in the specification of the patent at issue “as the <com:U>specification confirms</com:U>, the claimed improvement here is allowing computers to produce "accurate and realistic lip synchronization and facial expressions in animated characters" that previously could only be produced by human animators. '576 patent col. 2 ll. 49-50.”</uscom:GeneralText></uscom:DataField></uscom:P>
<uscom:P com:pNumber="40" com:id="p-040" uscom:indentationMeasureUnitCode="Pt" uscom:firstLineIndentationNumber="36.00"><uscom:DataField com:id="df005" uscom:dataFieldNumber="3"><uscom:GeneralText>Thus, the specification in McRO noted the technological improvement to a specific field of technology through the use of a specific rule set which was <com:U>present</com:U> <com:U>in the claims of McRO</com:U> (“obtaining a first set of rules <com:U>that define output morph weight set stream as a function of phoneme sequence and time of said phoneme sequence</com:U>”).</uscom:GeneralText></uscom:DataField></uscom:P>
<uscom:P com:pNumber="41" com:id="p-041" uscom:indentationMeasureUnitCode="Pt" uscom:firstLineIndentationNumber="36.00"><uscom:DataField com:id="df006" uscom:dataFieldNumber="3"><uscom:GeneralText>In comparing McRO to the claimed invention the questions would be (i) what constitutes the specific set of computer/automated rules that would preclude performance by a human as a mental process and (ii) whether the specification has explained how these set of rules aid in computer-specific automation of identifying a clarifying question and a identifying a category of the request based upon clarification.</uscom:GeneralText></uscom:DataField></uscom:P>
<uscom:P com:pNumber="42" com:id="p-042" uscom:indentationMeasureUnitCode="Pt" uscom:firstLineIndentationNumber="36.00"><uscom:DataField com:id="df007" uscom:dataFieldNumber="3"><uscom:GeneralText>In regards to (i), Examiner doesn’t see a specific set of rules in the claim.  Category scores and tags regards a simple form of classification that can be performed by a human by manually rating pertinence of a question to a category and assigning a category tag to the category with the highest rank.  The claim does not recite a specific set of rules used in categorization or a computer-specific calculation procedure.  The clarification scores and tags and second categorization would have similar analysis.  The scoring is claimed at a <com:U>general level (unlike the “rendered in a </com:U><?PageStart number='6'?><uscom:BoundaryDataReference com:idref="bd-006" /><com:U>specific way” in McRO)</com:U> which can be performed by a human as explained in the rejection and the classification of the clarification amounts to a simple judgment based upon the general clarification scoring.  Unlike McRO, the instant claims do not rely upon a specific set of rules (i.e., for scoring and categorization in the instant application) that would be so specific to automated natural language analysis so as to preclude human performance in step 2A.</uscom:GeneralText></uscom:DataField></uscom:P>
<uscom:P com:pNumber="45" com:id="p-045" uscom:indentationMeasureUnitCode="Pt" uscom:firstLineIndentationNumber="36.00"><uscom:DataField com:id="df008" uscom:dataFieldNumber="3"><uscom:GeneralText>In regards to (ii), at paragraph 0021, the specification mentions that clarifying customer helps a company provide relevant information to its customers.  This improvement, however, does not relate to specific categorization and scoring rules, but to the general business practice of better identifying the needs of customers. Paragraph 0104 explains that tags can improve the specificity of questions, but the tagging does not rely upon computer-specific techniques or rules that would preclude human performance.</uscom:GeneralText></uscom:DataField></uscom:P>
<uscom:P com:pNumber="46" com:id="p-046" uscom:indentationMeasureUnitCode="Pt" uscom:firstLineIndentationNumber="36.00"><uscom:DataField com:id="df009" uscom:dataFieldNumber="3"><uscom:GeneralText>Accordingly, for reasons (i) and (ii), Examiner doesn’t believe the instant claims are similar to McRO and are drawn to a mental process.  The claims are directed to a mental process as set forth in the rejection because the claimed invention is dissimilar to McRO as explained above</uscom:GeneralText></uscom:DataField>.</uscom:P>
</uscom:FormParagraph><uscom:P com:pNumber="47" com:id="p-047" uscom:alignmentCategory="center"><com:B><com:I>Conclusion</com:I></com:B></uscom:P>
<uscom:FormParagraph com:id="fp-005" uscom:versionIdentifier="4.2" uscom:revisionNumber="4" uscom:revisionDate="2013-09-25" uscom:editionNumber="2" uscom:beginEffectiveDate="2013-09-25" uscom:endEffectiveDate="2017-10-10"><uscom:FormParagraphNumber com:id="fpn-006" uscom:versionIdentifier="4.2" uscom:revisionNumber="4" uscom:editionNumber="2" uscom:matchPercent="100">07-39</uscom:FormParagraphNumber><uscom:FormParagraphCategory><uscom:ExaminationProgramCode>AIA</uscom:ExaminationProgramCode></uscom:FormParagraphCategory><uscom:P com:pNumber="48" com:id="p-048">5.	<com:B>THIS ACTION IS MADE FINAL.</com:B>  Applicant is reminded of the extension of time policy as set forth in 37 CFR 1.136(a).  </uscom:P>
<uscom:P com:pNumber="49" com:id="p-049" uscom:indentationMeasureUnitCode="Pt" uscom:firstLineIndentationNumber="36.00">A shortened statutory period for reply to this final action is set to expire THREE MONTHS from the mailing date of this action.  In the event a first reply is filed within TWO MONTHS of the mailing date of this final action and the advisory action is not <?PageStart number='7'?><uscom:BoundaryDataReference com:idref="bd-007" />mailed until after the end of the THREE-MONTH shortened statutory period, then the shortened statutory period will expire on the date the advisory action is mailed, and any extension fee pursuant to 37 CFR 1.136(a) will be calculated from the mailing date of the advisory action.  In no event, however, will the statutory period for reply expire later than SIX MONTHS from the mailing date of this final action. </uscom:P>
</uscom:FormParagraph><uscom:P com:pNumber="52" com:id="p-052"></uscom:P>
<uscom:P com:pNumber="53" com:id="p-053">6.	Any inquiry concerning this communication or earlier communications from the examiner should be directed to QUYNH H NGUYEN whose telephone number is (571)272-7489. The examiner can normally be reached Monday-Friday 7AM-3PM.</uscom:P>
<uscom:P com:pNumber="54" com:id="p-054" uscom:indentationMeasureUnitCode="Pt" uscom:firstLineIndentationNumber="36.00">Examiner interviews are available via telephone, in-person, and video conferencing using a USPTO supplied web-based collaboration tool. To schedule an interview, applicant is encouraged to use the USPTO Automated Interview Request (AIR) at http://www.uspto.gov/interviewpractice.</uscom:P>
<uscom:P com:pNumber="55" com:id="p-055" uscom:indentationMeasureUnitCode="Pt" uscom:firstLineIndentationNumber="36.00">If attempts to reach the examiner by telephone are unsuccessful, the examiner’s supervisor, Ahmad Matar can be reached on 571-272-7488. The fax phone number for the organization where this application or proceeding is assigned is 571-273-8300.</uscom:P>
<uscom:P com:pNumber="56" com:id="p-056">Information regarding the status of published or unpublished applications may be obtained from Patent Center. Unpublished application information in Patent Center is available to registered users. To file and manage patent submissions in Patent Center, visit: https://patentcenter.uspto.gov. Visit https://www.uspto.gov/patents/apply/patent-center for more information about Patent Center and https://www.uspto.gov/patents/docx for information about filing in DOCX format. For additional questions, contact the Electronic Business Center (EBC) at 866-217-9197 <?PageStart number='8'?><uscom:BoundaryDataReference com:idref="bd-008" />(toll-free). If you would like assistance from a USPTO Customer Service Representative, call 800-786-9199 (IN USA OR CANADA) or 571-272-1000.</uscom:P>
<uscom:P com:pNumber="59" com:id="p-059" uscom:indentationMeasureUnitCode="Pt" uscom:firstLineIndentationNumber="36.00"></uscom:P>
<uscom:P com:pNumber="60" com:id="p-060">/QUYNH H NGUYEN/Primary Examiner, A.U. 2652</uscom:P>


    <uscom:BoundaryDataBag>
        <uscom:BoundaryData com:id="bd-001">
            <uscom:SpannedBoundaryData>
<uscom:HeaderText uscom:alignmentCategory="left">Application/Control Number: </uscom:HeaderText>
<uscom:HeaderText uscom:alignmentCategory="left"><uscom:ApplicationNumberText>16/582,700	Page 2</uscom:ApplicationNumberText></uscom:HeaderText>
            </uscom:SpannedBoundaryData>
            <uscom:SpannedBoundaryData>
<uscom:HeaderText uscom:alignmentCategory="left">Art Unit: </uscom:HeaderText>
<uscom:HeaderText uscom:alignmentCategory="left"><uscom:GroupArtUnitNumber>2652</uscom:GroupArtUnitNumber></uscom:HeaderText>
            </uscom:SpannedBoundaryData>
        </uscom:BoundaryData>
        <uscom:BoundaryData com:id="bd-002">
            <uscom:SpannedBoundaryData>
<uscom:HeaderText uscom:alignmentCategory="left">Application/Control Number: </uscom:HeaderText>
<uscom:HeaderText uscom:alignmentCategory="left"><uscom:ApplicationNumberText>16/582,700	Page 3</uscom:ApplicationNumberText></uscom:HeaderText>
            </uscom:SpannedBoundaryData>
            <uscom:SpannedBoundaryData>
<uscom:HeaderText uscom:alignmentCategory="left">Art Unit: </uscom:HeaderText>
<uscom:HeaderText uscom:alignmentCategory="left"><uscom:GroupArtUnitNumber>2652</uscom:GroupArtUnitNumber></uscom:HeaderText>
            </uscom:SpannedBoundaryData>
        </uscom:BoundaryData>
        <uscom:BoundaryData com:id="bd-003">
            <uscom:SpannedBoundaryData>
<uscom:HeaderText uscom:alignmentCategory="left">Application/Control Number: </uscom:HeaderText>
<uscom:HeaderText uscom:alignmentCategory="left"><uscom:ApplicationNumberText>16/582,700	Page 4</uscom:ApplicationNumberText></uscom:HeaderText>
            </uscom:SpannedBoundaryData>
            <uscom:SpannedBoundaryData>
<uscom:HeaderText uscom:alignmentCategory="left">Art Unit: </uscom:HeaderText>
<uscom:HeaderText uscom:alignmentCategory="left"><uscom:GroupArtUnitNumber>2652</uscom:GroupArtUnitNumber></uscom:HeaderText>
            </uscom:SpannedBoundaryData>
        </uscom:BoundaryData>
        <uscom:BoundaryData com:id="bd-004">
            <uscom:SpannedBoundaryData>
<uscom:HeaderText uscom:alignmentCategory="left">Application/Control Number: </uscom:HeaderText>
<uscom:HeaderText uscom:alignmentCategory="left"><uscom:ApplicationNumberText>16/582,700	Page 5</uscom:ApplicationNumberText></uscom:HeaderText>
            </uscom:SpannedBoundaryData>
            <uscom:SpannedBoundaryData>
<uscom:HeaderText uscom:alignmentCategory="left">Art Unit: </uscom:HeaderText>
<uscom:HeaderText uscom:alignmentCategory="left"><uscom:GroupArtUnitNumber>2652</uscom:GroupArtUnitNumber></uscom:HeaderText>
            </uscom:SpannedBoundaryData>
        </uscom:BoundaryData>
        <uscom:BoundaryData com:id="bd-005">
            <uscom:SpannedBoundaryData>
<uscom:HeaderText uscom:alignmentCategory="left">Application/Control Number: </uscom:HeaderText>
<uscom:HeaderText uscom:alignmentCategory="left"><uscom:ApplicationNumberText>16/582,700	Page 6</uscom:ApplicationNumberText></uscom:HeaderText>
            </uscom:SpannedBoundaryData>
            <uscom:SpannedBoundaryData>
<uscom:HeaderText uscom:alignmentCategory="left">Art Unit: </uscom:HeaderText>
<uscom:HeaderText uscom:alignmentCategory="left"><uscom:GroupArtUnitNumber>2652</uscom:GroupArtUnitNumber></uscom:HeaderText>
            </uscom:SpannedBoundaryData>
        </uscom:BoundaryData>
        <uscom:BoundaryData com:id="bd-006">
            <uscom:SpannedBoundaryData>
<uscom:HeaderText uscom:alignmentCategory="left">Application/Control Number: </uscom:HeaderText>
<uscom:HeaderText uscom:alignmentCategory="left"><uscom:ApplicationNumberText>16/582,700	Page 7</uscom:ApplicationNumberText></uscom:HeaderText>
            </uscom:SpannedBoundaryData>
            <uscom:SpannedBoundaryData>
<uscom:HeaderText uscom:alignmentCategory="left">Art Unit: </uscom:HeaderText>
<uscom:HeaderText uscom:alignmentCategory="left"><uscom:GroupArtUnitNumber>2652</uscom:GroupArtUnitNumber></uscom:HeaderText>
            </uscom:SpannedBoundaryData>
        </uscom:BoundaryData>
        <uscom:BoundaryData com:id="bd-007">
            <uscom:SpannedBoundaryData>
<uscom:HeaderText uscom:alignmentCategory="left">Application/Control Number: </uscom:HeaderText>
<uscom:HeaderText uscom:alignmentCategory="left"><uscom:ApplicationNumberText>16/582,700	Page 8</uscom:ApplicationNumberText></uscom:HeaderText>
            </uscom:SpannedBoundaryData>
            <uscom:SpannedBoundaryData>
<uscom:HeaderText uscom:alignmentCategory="left">Art Unit: </uscom:HeaderText>
<uscom:HeaderText uscom:alignmentCategory="left"><uscom:GroupArtUnitNumber>2652</uscom:GroupArtUnitNumber></uscom:HeaderText>
            </uscom:SpannedBoundaryData>
        </uscom:BoundaryData>
        <uscom:BoundaryData com:id="bd-008">
            <uscom:SpannedBoundaryData>
<uscom:HeaderText uscom:alignmentCategory="left">Application/Control Number: </uscom:HeaderText>
<uscom:HeaderText uscom:alignmentCategory="left"><uscom:ApplicationNumberText>16/582,700	Page 9</uscom:ApplicationNumberText></uscom:HeaderText>
            </uscom:SpannedBoundaryData>
            <uscom:SpannedBoundaryData>
<uscom:HeaderText uscom:alignmentCategory="left">Art Unit: </uscom:HeaderText>
<uscom:HeaderText uscom:alignmentCategory="left"><uscom:GroupArtUnitNumber>2652</uscom:GroupArtUnitNumber></uscom:HeaderText>
            </uscom:SpannedBoundaryData>
        </uscom:BoundaryData>
    </uscom:BoundaryDataBag>
</uspat:OutgoingDocument>
